INSERT INTO dosen VALUES
('DS001','Abdul Malik','malik@gmail.com'),
('DS002','Andi Saputra','andi@gmail.com');

-- ==========================================
-- DATA MATA KULIAH
-- ==========================================
INSERT INTO mata_kuliah VALUES
('MK001','Pemrograman Basis Data',3,4,'DS001'),
('MK002','Basis Data',3,3,'DS001'),
('MK003','Pemrograman Web',3,4,'DS002');

-- ==========================================
-- DATA MAHASISWA (20 DATA)
-- ==========================================
INSERT INTO mahasiswa VALUES
('2411027','Hasbiah','A',2023),
('2411002','Elysia','A',2023),
('2411009','Dinda','A',2023),
('2411053','Sintia','A',2023),
('2411005','Eka','A',2023),
('2411006','Fajar','B',2023),
('2411007','Gina','B',2023),
('2411008','Hendra','B',2023),
('2411004','Indah','B',2023),
('2411010','Joko','B',2023),
('2411011','Kevin','C',2023),
('2411012','Lina','C',2023),
('2411013','Mira','C',2023),
('2411014','Nanda','C',2023),
('2411015','Oki','C',2023),
('2411016','Putri','D',2023),
('2411017','Rian','D',2023),
('2411018','Sinta','D',2023),
('2411019','Tono','D',2023),
('2411020','Vina','D',2023);

-- ==========================================
-- DATA GRADE
-- ==========================================
INSERT INTO grade_nilai VALUES
('A',4.00,93,100),
('A-',3.75,85,92.99),
('B+',3.50,81,84.99),
('B',3.25,75,80.99),
('B-',3.00,71,74.99),
('C+',2.75,66,70.99),
('C',2.50,61,65.99),
('C-',2.00,56,60.99),
('D',1.00,40,55.99),
('E',0.00,0,39.99);

-- ==========================================
-- DATA NILAI PRAKTIKUM (20 DATA)
-- ==========================================
INSERT INTO nilai_praktikum
(nim,kode_mk,nilai_tugas,nilai_kuis,nilai_uts)
VALUES
('2411027','MK001',90,95,92),
('2411002','MK001',80,85,88),
('2411009','MK001',70,75,78),
('2411053','MK001',60,65,68),
('2411005','MK001',50,55,58),
('2411006','MK001',95,90,98),
('2411007','MK001',85,84,82),
('2411008','MK001',77,78,80),
('2411004','MK001',66,67,68),
('2411010','MK001',40,45,50),
('2411011','MK002',88,89,90),
('2411012','MK002',79,80,81),
('2411013','MK002',72,73,74),
('2411014','MK002',65,64,63),
('2411015','MK002',55,58,57),
('2411016','MK003',98,96,97),
('2411017','MK003',83,82,81),
('2411018','MK003',75,76,77),
('2411019','MK003',60,59,58),
('2411020','MK003',30,35,40);
